Workbook

Sheet 00-说明
A1: 减重计划与记录表（依据 ISSN 2026 立场声明）
A2: 数据来源：Aragon AA et al. International Society of Sports Nutrition position stand: diets for body weight reduction. J Int Soc Sports Nutr. 2026;23(1):2740266. 在线发表 2026-10-13. DOI 10.1080/15502783.2026.2740266 · PMID 42867412 · CC BY
A5: 表格结构 | B5: ① 01-12周计划表：逐周目标与任务 ② 02-体重围度记录：每周固定时间填一次 ③ 03-饮食记录：每日一行，算总热量与蛋白 ④ 04-训练记录：主要动作的重量/组数/次数 ⑤ 05-参考值：论文给出的蛋白区间、饮食法要点、平台期规则 ⑥ 06-计算器：填 4 个空自动出结果
A6: 核心结论（论文） | B6: 决定减重质量的是三件事：总能量缺口、蛋白质摄入量、抗阻训练。生酮/低脂/轻断食之间的差别，在热量与蛋白匹配后基本消失。
A7: 关键蛋白区间 | B7: 一般人群 1.2–1.6 g/kg；减脂+抗阻训练 1.6–2.2 g/kg；精瘦且有训练基础者可 1.9–3.2 g/kg（按去脂体重 2.5–4.2 g/kg）。
A8: 减重速度参考 | B8: 每周 0.5%–1% 体重为稳妥区间。VLED（<800 kcal）虽快（1.5–2.5 kg/周），但属高风险方案，需医学监督。
A9: 平台期规则 | B9: 平台定义：12 周内体重下降不足 5%。应对顺序：先核对摄入记录（自报普遍低报 25%–50%）→ 提高活动量与训练 → 插入 7 天饮食休息（每减 3–5 kg）或 1–3 个月维持期（每减 5–10 kg）。
A10: 怎么用这张表 | B10: 1) 先在「06-计算器」填入性别/体重/身高/年龄/活动量，得到目标热量与蛋白克数；2) 把结果抄到「01-12周计划表」的对应周；3) 每天在「03-饮食记录」记一行；每周固定一天在「02-体重围度记录」记一行。
A11: 黄色单元格 | B11: 需要你自己填写。蓝色单元格是公式自动计算，不要覆盖。
A12: 重要提醒 | B12: 本表是依据论文结论整理的执行模板，不是医疗建议。极低能量饮食、有慢性病、进食障碍史、孕期哺乳期人群请先咨询医生或注册营养师。
A13: 色标说明 | B13: 输入区=浅黄 计算区=浅蓝 表头=深绿

Sheet 01-12周计划表
A1: 12 周减重计划表
A2: 以「A 稳妥型（缺口 20%–25%）」为模板；B 运动型把缺口调到 15%、蛋白提到 1.8–2.2 g/kg；C 激进型须医学监督，勿自行套用。
A4: 周次 | B4: 阶段 | C4: 能量（相对维持热量） | D4: 蛋白目标 | E4: 抗阻训练 | F4: 有氧 / 步数 | G4: 本周任务与监测 | H4: 备注
A5: 第 0 周 | B5: 打底 | C5: 维持热量（不设缺口） | D5: 1.2 g/kg | E5: 2 次 | F5: 步数 6000–8000 | G5: 测基线：晨起空腹体重、腰围、臀围、正侧背照片；用 3 天饮食记录估算真实摄入 | H5: 论文提醒：自报摄入普遍低报 25%–50%
A6: 第 1–2 周 | B6: 适应 | C6: −15% | D6: 1.4 g/kg，分 ≥3 餐 | E6: 3 次（全身复合动作） | F6: 有氧 2×25 分钟 | G6: 只改两件事：蛋白达标 + 抗阻到位；体重取 7 日均值，不看单日波动 | H6: 速度 0.5%–1%/周
A7: 第 3–4 周 | B7: 主缺口 | C7: −20% | D7: 1.6 g/kg | E7: 3 次（渐进加重） | F7: 有氧 2–3 次；步数 8000–10000 | G7: 查速度：过快→加 100–150 kcal 碳水；完全不动→先查摄入记录，不要先砍热量
A8: 第 5–6 周 | B8: 加深 | C8: −22%～−25% | D8: 1.6–1.8 g/kg | E8: 3–4 次 | F8: 有氧 3 次 | G8: 腰围比体重更重要；若力量明显下降或持续疲劳 → 缺口过大或蛋白不足 | H8: 注意睡眠与饥饿感
A9: 第 7 周 | B9: 饮食休息（diet break） | C9: 回到维持热量，约 7 天 | D9: 保持 1.6 g/kg | E9: 照常 | F9: 有氧减半 | G9: 论文推荐：每减 3–5 kg 安排一次约 7 天的有意识自由进食，缓解心理疲劳 | H9: 不是放纵，专注饥饱信号
A10: 第 8–10 周 | B10: 第二轮缺口 | C10: −20%～−25% | D10: 1.6–2.0（训练量大可 2.2） | E10: 3–4 次 | F10: 有氧 2–3 次 | G10: 易进入平台期：用腰围/照片/衣物松紧/训练重量综合判断 | H10: 平台定义：12 周内<5%
A11: 第 11–12 周 | B11: 收口 + 稳定 | C11: 缺口收窄至 −10% | D11: 1.6 g/kg | E11: 4 次，维持强度 | F11: 有氧 2 次 | G11: 进入维持期：论文建议每减 5–10 kg 安排 1–3 个月稳定期，把体重钉住再决定下一轮

Sheet 02-体重围度记录
A1: 体重与围度记录表
A2: 每周固定一天、同样条件（晨起空腹、排便后、同一体重秤）测一次；体重列建议填 7 日均值。
A4: 第0周(基线) | B4: 日期 | C4: 体重 7 日均值(kg) | D4: 较上周变化(kg) | E4: 较起始变化(kg) | F4: 周降幅(%体重) | G4: 腰围(cm) | H4: 臀围(cm) | I4: 体脂率(%) | J4: 日均步数 | K4: 主观饥饿感(1-5) | L4: 备注（睡眠/训练/状态）
A5: 第1周 | D5: =IF(OR(C5="",C4=""),"",ROUND(C5-C4,2)) | E5: =IF(OR(C5="",$C$4=""),"",ROUND(C5-$C$4,2)) | F5: =IF(OR(C5="",C4=""),"",ROUND((C4-C5)/C4*100,2))
A6: 第2周 | D6: =IF(OR(C6="",C5=""),"",ROUND(C6-C5,2)) | E6: =IF(OR(C6="",$C$4=""),"",ROUND(C6-$C$4,2)) | F6: =IF(OR(C6="",C5=""),"",ROUND((C5-C6)/C5*100,2))
A7: 第3周 | D7: =IF(OR(C7="",C6=""),"",ROUND(C7-C6,2)) | E7: =IF(OR(C7="",$C$4=""),"",ROUND(C7-$C$4,2)) | F7: =IF(OR(C7="",C6=""),"",ROUND((C6-C7)/C6*100,2))
A8: 第4周 | D8: =IF(OR(C8="",C7=""),"",ROUND(C8-C7,2)) | E8: =IF(OR(C8="",$C$4=""),"",ROUND(C8-$C$4,2)) | F8: =IF(OR(C8="",C7=""),"",ROUND((C7-C8)/C7*100,2))
A9: 第5周 | D9: =IF(OR(C9="",C8=""),"",ROUND(C9-C8,2)) | E9: =IF(OR(C9="",$C$4=""),"",ROUND(C9-$C$4,2)) | F9: =IF(OR(C9="",C8=""),"",ROUND((C8-C9)/C8*100,2))
A10: 第6周 | D10: =IF(OR(C10="",C9=""),"",ROUND(C10-C9,2)) | E10: =IF(OR(C10="",$C$4=""),"",ROUND(C10-$C$4,2)) | F10: =IF(OR(C10="",C9=""),"",ROUND((C9-C10)/C9*100,2))
A11: 第7周 | D11: =IF(OR(C11="",C10=""),"",ROUND(C11-C10,2)) | E11: =IF(OR(C11="",$C$4=""),"",ROUND(C11-$C$4,2)) | F11: =IF(OR(C11="",C10=""),"",ROUND((C10-C11)/C10*100,2))
A12: 第8周 | D12: =IF(OR(C12="",C11=""),"",ROUND(C12-C11,2)) | E12: =IF(OR(C12="",$C$4=""),"",ROUND(C12-$C$4,2)) | F12: =IF(OR(C12="",C11=""),"",ROUND((C11-C12)/C11*100,2))
A13: 第9周 | D13: =IF(OR(C13="",C12=""),"",ROUND(C13-C12,2)) | E13: =IF(OR(C13="",$C$4=""),"",ROUND(C13-$C$4,2)) | F13: =IF(OR(C13="",C12=""),"",ROUND((C12-C13)/C12*100,2))
A14: 第10周 | D14: =IF(OR(C14="",C13=""),"",ROUND(C14-C13,2)) | E14: =IF(OR(C14="",$C$4=""),"",ROUND(C14-$C$4,2)) | F14: =IF(OR(C14="",C13=""),"",ROUND((C13-C14)/C13*100,2))
A15: 第11周 | D15: =IF(OR(C15="",C14=""),"",ROUND(C15-C14,2)) | E15: =IF(OR(C15="",$C$4=""),"",ROUND(C15-$C$4,2)) | F15: =IF(OR(C15="",C14=""),"",ROUND((C14-C15)/C14*100,2))
A16: 第12周 | D16: =IF(OR(C16="",C15=""),"",ROUND(C16-C15,2)) | E16: =IF(OR(C16="",$C$4=""),"",ROUND(C16-$C$4,2)) | F16: =IF(OR(C16="",C15=""),"",ROUND((C15-C16)/C15*100,2))
A17: 合计 | E17: =IF(OR($C$4="",C16=""),"",ROUND(C16-$C$4,2)) | F17: =IF(OR($C$4="",C16=""),"",ROUND(($C$4-C16)/$C$4*100,2)) | G17: ↑ 总减重(kg) | H17: ↑ 总降幅(%)

Sheet 03-饮食记录
A1: 每日饮食记录（31 行，可复制扩展）
A2: 蛋白目标见「06-计算器」结果；K 列自动按你在 J 列填的蛋白克数汇总，H 列填热量。蛋白优先：每餐 30–40 g。
A4: 日期 | B4: 体重(kg) | C4: 早餐 | D4: 加餐 | E4: 午餐 | F4: 加餐2 | G4: 晚餐 | H4: 总热量(kcal) | I4: 蛋白(g) | J4: =IF(I4="","",IFERROR(IF(I4>='06-计算器'!$B$14,"✅ 达标","⚠ 不足"),"")) | K4: 训练 | L4: 饥饿感(1-5) | M4: 备注
J5: =IF(I5="","",IFERROR(IF(I5>='06-计算器'!$B$14,"✅ 达标","⚠ 不足"),""))
J6: =IF(I6="","",IFERROR(IF(I6>='06-计算器'!$B$14,"✅ 达标","⚠ 不足"),""))
J7: =IF(I7="","",IFERROR(IF(I7>='06-计算器'!$B$14,"✅ 达标","⚠ 不足"),""))
J8: =IF(I8="","",IFERROR(IF(I8>='06-计算器'!$B$14,"✅ 达标","⚠ 不足"),""))
J9: =IF(I9="","",IFERROR(IF(I9>='06-计算器'!$B$14,"✅ 达标","⚠ 不足"),""))
J10: =IF(I10="","",IFERROR(IF(I10>='06-计算器'!$B$14,"✅ 达标","⚠ 不足"),""))
J11: =IF(I11="","",IFERROR(IF(I11>='06-计算器'!$B$14,"✅ 达标","⚠ 不足"),""))
J12: =IF(I12="","",IFERROR(IF(I12>='06-计算器'!$B$14,"✅ 达标","⚠ 不足"),""))
J13: =IF(I13="","",IFERROR(IF(I13>='06-计算器'!$B$14,"✅ 达标","⚠ 不足"),""))
J14: =IF(I14="","",IFERROR(IF(I14>='06-计算器'!$B$14,"✅ 达标","⚠ 不足"),""))
J15: =IF(I15="","",IFERROR(IF(I15>='06-计算器'!$B$14,"✅ 达标","⚠ 不足"),""))
J16: =IF(I16="","",IFERROR(IF(I16>='06-计算器'!$B$14,"✅ 达标","⚠ 不足"),""))
... J34: =IF(I34="","",IFERROR(IF(I34>='06-计算器'!$B$14,"✅ 达标","⚠ 不足"),""))

Sheet 04-训练记录
A1: 训练记录表（抗阻优先）
A2: 论文立场：抗阻训练 + 足量蛋白是减脂期保住瘦体重的必需项。记录主要动作的重量×次数，保证渐进超负荷。
A4: 日期 | B4: 训练类型 | C4: 动作 | D4: 重量(kg) | E4: 组数 | F4: 次数/组 | G4: 主观强度(RPE 1-10) | H4: 有氧时长(分钟) | I4: 备注

Sheet 05-参考值
A1: 论文关键参考值（可直接对照执行）
A3: 蛋白摄入阶梯（论文立场 6/7）
A4: 人群 / 目标 | B4: 每日蛋白 (g/kg 体重) | C4: 每日蛋白 (g/kg 去脂体重) | D4: 说明
A5: 长期沿用的 RDA | B5: 0.8 | C5: — | D5: 满足久坐成人基本需求，但对保瘦体重很可能不足
A6: 一般人群 | B6: 1.2–1.6 | C6: — | D6: 支持运动、肌肉骨骼、心血管代谢健康；2025–2030 美国膳食指南首次写入
A7: 减脂 + 抗阻训练 | B7: 1.6–2.2 | C7: — | D7: 可优化肌肉蛋白合成、减少瘦体重流失
A8: 精瘦 + 有训练基础 | B8: 1.9–3.2 | C8: 2.5–4.2 | D8: 热量缺口下最大化瘦体重保留
A9: 追求同时增肌减脂（重组） | B9: — | C9: 2.6–3.5 | D9: 提高重组概率与幅度，但重组是有限过程，越精瘦越难
A11: 减重幅度与健康收益
A12: 减重幅度 | B12: 可获得的收益
A13: 2%–5% | B13: 改善血糖控制、降低甘油三酯
A14: 5%–10% | B14: 改善血压、减轻关节疼痛、提升活动能力、增加肠道菌群多样性、减轻抑郁症状、降低心血管死亡风险
A15: 约 15% | B15: 已有研究报告 2 型糖尿病缓解
A17: 平台期与恢复期规则（论文立场 13）
A18: 规则 | B18: 数值
A19: 平台期定义 | B19: 12 周内体重下降不足 5%
A20: 典型出现时间 | B20: 饮食法开始后 8–12 周
A21: 饮食休息 diet break | B21: 每减 3–5 kg，安排约 7 天的有意识自由进食
A22: 维持期 maintenance | B22: 每减 5–10 kg，安排约 1–3 个月或更长的体重稳定期
A24: 各饮食法一句话结论
A25: 方案 | B25: 结论要点
A26: VLED (<800 kcal) | B26: 短期最快（10–15% 体重），长期无优势，瘦体重与骨量流失风险高，需医疗监督
A27: LED (800–1200 kcal) | B27: 减重幅度大但烈度低，长期结局与温和方案类似
A28: 间歇禁食 (ADF/5:2/TRE) | B28: 能量匹配时与每日限能量无临床意义差别（6 个月仅多减 0.94 kg）
A29: 生酮 | B29: 短期有效，但瘦体重掉得更多、LDL 常升高；蛋白与热量匹配后无内在优势
A30: 低碳 / 低脂 / 极低脂 | B30: 长期效果相近，选能坚持的；低碳 12–24 个月后优势消失
A31: 高蛋白 | B31: 提高饱腹感与食物热效应，减脂同时保肌，健康人群在宽范围内安全

Sheet 06-计算器
A1: 热量与蛋白计算器
A2: 黄色格填自己数据；Mifflin-St Jeor 公式估算 BMR，蛋白区间取自论文立场 6/7。结果为起点估算，需按 2–4 周实际变化校准。
A4: 性别（男/女） | B4: 男
A5: 体重 (kg) | B5: 75
A6: 身高 (cm) | B6: 175
A7: 年龄 | B7: 30
A8: 活动水平 | B8: 轻度(1.375)
A9: 路径 | B9: A 稳妥型(−20%)
A11: —— 计算结果 ——
A12: 基础代谢 BMR (kcal) | B12: =IF(B4="男",10*B5+6.25*B6-5*B7+5,10*B5+6.25*B6-5*B7-161)
A13: 维持热量 TDEE (kcal) | B13: =ROUND(B12*IF(LEFT(B8,2)="久坐",1.2,IF(LEFT(B8,2)="轻度",1.375,IF(LEFT(B8,2)="中度",1.55,1.725))),0)
A14: 每日蛋白目标 (g) | B14: =IF(LEFT(B9,1)="A",ROUND(B5*1.6,0),ROUND(B5*2.2,0))
A15: 每日目标热量 (kcal) | B15: =ROUND(MAX(B13*IF(LEFT(B9,1)="A",0.8,0.85),B12*1.1),0)
A16: 预计减重速度 (kg/周) | B16: =ROUND((B13-B15)*7/7700,2)
A17: 蛋白下限参考 (g) | B17: =ROUND(B5*1.2,0)
A18: 蛋白上限参考 (g) | B18: =ROUND(B5*3.2,0)
A20: 提示：若把路径改成 B 运动型，蛋白目标自动提到 2.2 g/kg、缺口收窄到 15%。
